{
  "timestamp": "2025-11-27T23:55:47.326460",
  "dataset": {
    "n_devices": 30,
    "n_samples": 60000,
    "samples_per_device": 2000
  },
  "kl_stats": {
    "within_class": {
      "0-0": {
        "mean": 0.047713005485401166,
        "std": 0.044038693729174176,
        "median": 0.027462306827018036,
        "min": 0.0013981385244130604,
        "max": 0.15212733877958476,
        "n": 45
      },
      "1-1": {
        "mean": 0.08305420883101569,
        "std": 0.07175767074377531,
        "median": 0.05936426195268461,
        "min": 0.004553307394799181,
        "max": 0.2537636030698056,
        "n": 45
      },
      "2-2": {
        "mean": 0.10071237672560422,
        "std": 0.10085234871952457,
        "median": 0.06376828333544406,
        "min": 0.0042976104351939385,
        "max": 0.43102204752064865,
        "n": 45
      }
    },
    "between_class": {
      "0-1": {
        "mean": 0.6702807641281955,
        "std": 0.3685545016731566,
        "median": 0.5688591243083597,
        "min": 0.10923471361265988,
        "max": 1.597115119135664,
        "n": 100
      },
      "0-2": {
        "mean": 3.179720381960984,
        "std": 1.3182110306633859,
        "median": 2.8436182517777526,
        "min": 1.3188062035568093,
        "max": 6.859469109247111,
        "n": 100
      },
      "1-2": {
        "mean": 0.9608049905259485,
        "std": 0.7052965659312178,
        "median": 0.7787974852299855,
        "min": 0.10824035427643788,
        "max": 3.3981944689391117,
        "n": 100
      }
    }
  },
  "classification": {
    "train_accuracy": 0.6336666666666667,
    "test_accuracy": 0.5920833333333333
  },
  "correlation": {
    "pearson_r": 0.8648136423653252,
    "pearson_p": 7.157467631666507e-10,
    "spearman_r": 0.9305895439377085,
    "spearman_p": 9.618780477789421e-14,
    "significant": true
  },
  "original_vs_validation": {
    "original_kl_low": 0.05,
    "original_kl_high": 0.205,
    "original_correlation": 0.949,
    "validated_kl_within_mean": 0.0771598636806737,
    "validated_kl_between_mean": 1.603602045538376,
    "validated_correlation": 0.8648136423653252
  },
  "mann_whitney_test": {
    "u_statistic": 40054.0,
    "p_value": 3.2596629730679205e-60,
    "significant": true
  }
}