{
  "timestamp": "2025-12-01T12:58:44.622561",
  "dataset": {
    "n_devices": 30,
    "n_samples": 60000,
    "samples_per_device": 2000
  },
  "kl_stats": {
    "within_class": {
      "0-0": {
        "mean": 0.047713005485401166,
        "std": 0.044038693729174176,
        "median": 0.027462306827018036,
        "min": 0.0013981385244130604,
        "max": 0.15212733877958476,
        "n": 45
      },
      "1-1": {
        "mean": 0.08305420883101569,
        "std": 0.07175767074377531,
        "median": 0.05936426195268461,
        "min": 0.004553307394799181,
        "max": 0.2537636030698056,
        "n": 45
      },
      "2-2": {
        "mean": 0.10071237672560422,
        "std": 0.10085234871952457,
        "median": 0.06376828333544406,
        "min": 0.0042976104351939385,
        "max": 0.43102204752064865,
        "n": 45
      }
    },
    "between_class": {
      "0-1": {
        "mean": 0.6702807641281955,
        "std": 0.3685545016731566,
        "median": 0.5688591243083597,
        "min": 0.10923471361265988,
        "max": 1.597115119135664,
        "n": 100
      },
      "0-2": {
        "mean": 3.179720381960984,
        "std": 1.3182110306633859,
        "median": 2.8436182517777526,
        "min": 1.3188062035568093,
        "max": 6.859469109247111,
        "n": 100
      },
      "1-2": {
        "mean": 0.9608049905259485,
        "std": 0.7052965659312178,
        "median": 0.7787974852299855,
        "min": 0.10824035427643788,
        "max": 3.3981944689391117,
        "n": 100
      }
    }
  },
  "classification": {
    "nn_train_accuracy": 0.6336666666666667,
    "nn_test_accuracy": 0.5920833333333333,
    "lr_train_accuracy": 0.6138541666666667,
    "lr_test_accuracy": 0.6145833333333334,
    "train_accuracy": 0.6336666666666667,
    "test_accuracy": 0.5920833333333333
  },
  "correlation": {
    "nn_pearson_r": 0.8648136423653252,
    "nn_pearson_p": 7.157467631666507e-10,
    "nn_spearman_r": 0.9305895439377085,
    "nn_spearman_p": 9.618780477789421e-14,
    "lr_pearson_r": 0.9186246432243258,
    "lr_pearson_p": 8.269246540147111e-13,
    "lr_spearman_r": 0.9380353823758871,
    "lr_spearman_p": 2.05772023189154e-14,
    "pearson_r": 0.8648136423653252,
    "pearson_p": 7.157467631666507e-10,
    "spearman_r": 0.9305895439377085,
    "spearman_p": 9.618780477789421e-14,
    "significant": true,
    "per_device_data": {
      "avg_kl": [
        1.4147881320217164,
        1.4849054721385404,
        1.2665516524577607,
        1.6215160945156781,
        0.9819882875660216,
        1.0780418927890802,
        0.9311226312142805,
        1.584534432378344,
        1.5354139948498848,
        1.5250782756757297,
        0.4592001604120862,
        0.5731198865338596,
        0.5084882479328,
        0.5543517734543038,
        0.7168035927169495,
        0.7103010960470836,
        0.6879086481180512,
        0.5577171772044551,
        0.5198845513742257,
        0.5944129441443167,
        0.896360290251481,
        1.5159460757856236,
        0.9013960102901689,
        2.8226296473494448,
        1.7660173285210983,
        1.1674726405529887,
        1.0152722754846593,
        1.7764510627338417,
        0.869184185553764,
        1.859499833614779
      ],
      "nn_accuracies": [
        0.7225,
        0.742,
        0.689,
        0.7665,
        0.6015,
        0.625,
        0.63,
        0.783,
        0.7405,
        0.7535,
        0.373,
        0.4025,
        0.377,
        0.3955,
        0.397,
        0.3905,
        0.4005,
        0.3545,
        0.3675,
        0.3745,
        0.716,
        0.8385,
        0.7295,
        0.903,
        0.857,
        0.7575,
        0.745,
        0.776,
        0.6835,
        0.8685
      ],
      "lr_accuracies": [
        0.734,
        0.729,
        0.689,
        0.7655,
        0.5905,
        0.609,
        0.634,
        0.78,
        0.746,
        0.772,
        0.421,
        0.4405,
        0.4125,
        0.4355,
        0.4225,
        0.407,
        0.4345,
        0.4105,
        0.413,
        0.4225,
        0.613,
        0.767,
        0.629,
        0.8755,
        0.7995,
        0.685,
        0.658,
        0.724,
        0.587,
        0.8135
      ]
    }
  },
  "original_vs_validation": {
    "original_kl_low": 0.05,
    "original_kl_high": 0.205,
    "original_correlation": 0.949,
    "validated_kl_within_mean": 0.0771598636806737,
    "validated_kl_between_mean": 1.603602045538376,
    "validated_correlation": 0.8648136423653252
  },
  "mann_whitney_test": {
    "u_statistic": 40054.0,
    "p_value": 3.2596629730679205e-60,
    "significant": true
  }
}