{
  "neural_network": {
    "test_accuracy": 0.5920833333333333,
    "train_accuracy": 0.6336666666666667,
    "confusion_matrix": [
      [395, 32, 33],
      [45, 370, 45],
      [40, 52, 368]
    ]
  },
  "logistic_regression": {
    "test_accuracy": 0.6145833333333334,
    "train_accuracy": 0.6138541666666667
  },
  "comparison_with_original": {
    "original_nn_acc": 0.5941666666666666,
    "original_nn_mean": 0.5720833333333333,
    "original_lr_acc": 0.5522222222222222,
    "validation_nn_acc": 0.5920833333333333,
    "validation_lr_acc": 0.6145833333333334
  },
  "correlation": {
    "nn_pearson_r": 0.8648136423653252,
    "nn_pearson_p": 7.157467631666507e-10,
    "nn_spearman_r": 0.9305895439377085,
    "nn_spearman_p": 9.618780477789421e-14,
    "lr_pearson_r": 0.9186246432243258,
    "lr_pearson_p": 8.269246540147111e-13,
    "lr_spearman_r": 0.9380353823758871,
    "lr_spearman_p": 2.05772023189154e-14
  },
  "statistical_power": {
    "n_devices": 30,
    "degrees_of_freedom": 28,
    "improvement_over_random": 0.776249999999999
  }
}
